#FileName	Acc	pdec_circos_order	Description	pdec_country	pdec_env	pdec_type	pdec_psychro	DBXREF	Taxonomy	Topology	collected_by	collection_date	country	culture_collection	db_xref	host	isolation_source	lat_lon	mol_type	organism	plasmid	strain	submitter_seqid	type_material	Records	GenomeSize	CDS	tRNA	rRNA
CP014946.1.gb	CP014946.1	1	Psychrobacter alimentarius strain PAMC 27889 plasmid pPAMC27889, complete sequence	Antarctica	rock	env		BioProject:PRJNA315071|BioSample:SAMN04549283	Bacteria|Proteobacteria|Gammaproteobacteria|Moraxellales|Moraxellaceae|Psychrobacter	circular		2013-12-19	Antarctica: Northern Victoria Land	PAMC:27889	taxon:261164		rock (ENVO:00001995)	72.41 S 165.59000000 E	genomic DNA	Psychrobacter alimentarius	pPAMC27889	PAMC 27889			1	16905	16	0	0
CP049903.1.gb	CP049903.1	2	Psychrobacter sp. WY6 plasmid unnamed1, complete sequence	Antarctica	krill	env		BioProject:PRJNA609599|BioSample:SAMN14082651	Bacteria|Proteobacteria|Gammaproteobacteria|Moraxellales|Moraxellaceae|Psychrobacter	circular		2016	Antarctica		taxon:2708350	Euphausia superba			genomic DNA	Psychrobacter sp. WY6	unnamed1	WY6			1	31994	53	0	0
CP006268.1.gb	CP006268.1	3	Psychrobacter sp. G plasmid PsyG_3, complete sequence	Antarctica	soil	env	yes	BioProject:PRJNA209108|BioSample:SAMN02603914	Bacteria|Proteobacteria|Gammaproteobacteria|Moraxellales|Moraxellaceae|Psychrobacter	circular					taxon:571800				genomic DNA	Psychrobacter sp. G	PsyG_3	G			1	3956	5	0	0
CP006267.1.gb	CP006267.1	4	Psychrobacter sp. G plasmid PsyG_4, complete sequence	Antarctica	soil	env	yes	BioProject:PRJNA209108|BioSample:SAMN02603914	Bacteria|Proteobacteria|Gammaproteobacteria|Moraxellales|Moraxellaceae|Psychrobacter	circular					taxon:571800				genomic DNA	Psychrobacter sp. G	PsyG_4	G			1	4518	5	0	0
CP006266.1.gb	CP006266.1	5	Psychrobacter sp. G plasmid PsyG_26, complete sequence	Antarctica	soil	env	yes	BioProject:PRJNA209108|BioSample:SAMN02603914	Bacteria|Proteobacteria|Gammaproteobacteria|Moraxellales|Moraxellaceae|Psychrobacter	circular					taxon:571800				genomic DNA	Psychrobacter sp. G	PsyG_26	G			1	26087	26	0	0
CP060391.1.gb	CP060391.1	6	Psychrobacter sp. KCTC 72983 plasmid pPsychbacter006, complete sequence	Antarctica	soil	env	yes	BioProject:PRJNA630856|BioSample:SAMN14846924	Bacteria|Proteobacteria|Gammaproteobacteria|Moraxellales|Moraxellaceae|Psychrobacter	circular	Ajou Univ.	2011	Antarctica	KCTC:72983	taxon:2733866		Antarctic soil		genomic DNA	Psychrobacter sp. KCTC 72983	pPsychbacter006	KCTC 72983			1	49070	53	0	0
MN657079.gb	MN657079.1	7	Psychrobacter sp. strain ANT_H3 plasmid pA3H1, complete sequence	Antarctica	soil	env	yes		Bacteria|Proteobacteria|Gammaproteobacteria|Moraxellales|Moraxellaceae|Psychrobacter	circular			Antarctica:King George Island		taxon:56811		soil sample from Arctowski Station	62.26 S 58.49 W	genomic DNA	Psychrobacter sp.	pA3H1	ANT_H3			1	3124	2	0	0
MN657082.gb	MN657082.1	8	Psychrobacter sp. strain ANT_H3 plasmid pA3H2, complete sequence	Antarctica	soil	env	yes		Bacteria|Proteobacteria|Gammaproteobacteria|Moraxellales|Moraxellaceae|Psychrobacter	circular			Antarctica:King George Island		taxon:56811		soil sample from Arctowski Station	62.26 S 58.49 W	genomic DNA	Psychrobacter sp.	pA3H2	ANT_H3			1	3336	2	0	0
MN657083.gb	MN657083.1	9	Psychrobacter sp. strain ANT_H3 plasmid pA3H3, complete sequence	Antarctica	soil	env	yes		Bacteria|Proteobacteria|Gammaproteobacteria|Moraxellales|Moraxellaceae|Psychrobacter	circular			Antarctica:King George Island		taxon:56811		soil sample from Arctowski Station	62.26 S 58.49 W	genomic DNA	Psychrobacter sp.	pA3H3	ANT_H3			1	4211	3	0	0
MN657084.gb	MN657084.1	10	Psychrobacter sp. strain ANT_H3 plasmid pA3H4, complete sequence	Antarctica	soil	env	yes		Bacteria|Proteobacteria|Gammaproteobacteria|Moraxellales|Moraxellaceae|Psychrobacter	circular			Antarctica:King George Island		taxon:56811		soil sample from Arctowski Station	62.26 S 58.49 W	genomic DNA	Psychrobacter sp.	pA3H4	ANT_H3			1	6059	5	0	0
MN657085.gb	MN657085.1	11	Psychrobacter sp. strain ANT_H3 plasmid pA3H5, complete sequence	Antarctica	soil	env	yes		Bacteria|Proteobacteria|Gammaproteobacteria|Moraxellales|Moraxellaceae|Psychrobacter	circular			Antarctica:King George Island		taxon:56811		soil sample from Arctowski Station	62.26 S 58.49 W	genomic DNA	Psychrobacter sp.	pA3H5	ANT_H3			1	6238	4	0	0
MN657086.gb	MN657086.1	12	Psychrobacter sp. strain ANT_H3 plasmid pA3H6, complete sequence	Antarctica	soil	env	yes		Bacteria|Proteobacteria|Gammaproteobacteria|Moraxellales|Moraxellaceae|Psychrobacter	circular			Antarctica:King George Island		taxon:56811		soil sample from Arctowski Station	62.26 S 58.49 W	genomic DNA	Psychrobacter sp.	pA3H6	ANT_H3			1	6530	6	0	0
MN657087.gb	MN657087.1	13	Psychrobacter sp. strain ANT_H3 plasmid pA3H7, complete sequence	Antarctica	soil	env	yes		Bacteria|Proteobacteria|Gammaproteobacteria|Moraxellales|Moraxellaceae|Psychrobacter	circular			Antarctica:King George Island		taxon:56811		soil sample from Arctowski Station	62.26 S 58.49 W	genomic DNA	Psychrobacter sp.	pA3H7	ANT_H3			1	6788	9	0	0
MN657088.gb	MN657088.1	14	Psychrobacter sp. strain ANT_H3 plasmid pA3H8, complete sequence	Antarctica	soil	env	yes		Bacteria|Proteobacteria|Gammaproteobacteria|Moraxellales|Moraxellaceae|Psychrobacter	circular			Antarctica:King George Island		taxon:56811		soil sample from Arctowski Station	62.26 S 58.49 W	genomic DNA	Psychrobacter sp.	pA3H8	ANT_H3			1	8510	9	0	0
MN657089.gb	MN657089.1	15	Psychrobacter sp. strain ANT_H3 plasmid pA3H9, complete sequence	Antarctica	soil	env	yes		Bacteria|Proteobacteria|Gammaproteobacteria|Moraxellales|Moraxellaceae|Psychrobacter	circular			Antarctica:King George Island		taxon:56811		soil sample from Arctowski Station	62.26 S 58.49 W	genomic DNA	Psychrobacter sp.	pA3H9	ANT_H3			1	8574	8	0	0
MN657080.gb	MN657080.1	16	Psychrobacter sp. strain ANT_H3 plasmid pA3H10, complete sequence	Antarctica	soil	env	yes		Bacteria|Proteobacteria|Gammaproteobacteria|Moraxellales|Moraxellaceae|Psychrobacter	circular			Antarctica:King George Island		taxon:56811		soil sample from Arctowski Station	62.26 S 58.49 W	genomic DNA	Psychrobacter sp.	pA3H10	ANT_H3			1	11826	14	0	0
MN657081.gb	MN657081.1	17	Psychrobacter sp. strain ANT_H3 plasmid pA3H11, complete sequence	Antarctica	soil	env	yes		Bacteria|Proteobacteria|Gammaproteobacteria|Moraxellales|Moraxellaceae|Psychrobacter	circular			Antarctica:King George Island		taxon:56811		soil sample from Arctowski Station	62.26 S 58.49 W	genomic DNA	Psychrobacter sp.	pA3H11	ANT_H3			1	13249	13	0	0
CP012707.1.gb	CP012707.1	18	Psychrobacter urativorans strain R10.10B plasmid 1, complete sequence	Antarctica	soil	env	yes	BioProject:PRJNA295628|BioSample:SAMN04076494	Bacteria|Proteobacteria|Gammaproteobacteria|Moraxellales|Moraxellaceae|Psychrobacter	circular					taxon:45610				genomic DNA	Psychrobacter urativorans	1	R10.10B			1	24169	24	0	0
CP012708.1.gb	CP012708.1	19	Psychrobacter urativorans strain R10.10B plasmid 2, complete sequence	Antarctica	soil	env	yes	BioProject:PRJNA295628|BioSample:SAMN04076494	Bacteria|Proteobacteria|Gammaproteobacteria|Moraxellales|Moraxellaceae|Psychrobacter	circular					taxon:45610				genomic DNA	Psychrobacter urativorans	2	R10.10B			1	15605	12	0	0
CP012709.1.gb	CP012709.1	20	Psychrobacter urativorans strain R10.10B plasmid 3, complete sequence	Antarctica	soil	env	yes	BioProject:PRJNA295628|BioSample:SAMN04076494	Bacteria|Proteobacteria|Gammaproteobacteria|Moraxellales|Moraxellaceae|Psychrobacter	circular					taxon:45610				genomic DNA	Psychrobacter urativorans	3	R10.10B			1	24210	22	0	0
CP012710.1.gb	CP012710.1	21	Psychrobacter urativorans strain R10.10B plasmid 4, complete sequence	Antarctica	soil	env	yes	BioProject:PRJNA295628|BioSample:SAMN04076494	Bacteria|Proteobacteria|Gammaproteobacteria|Moraxellales|Moraxellaceae|Psychrobacter	circular					taxon:45610				genomic DNA	Psychrobacter urativorans	4	R10.10B			1	16222	12	0	0
CP012711.1.gb	CP012711.1	22	Psychrobacter urativorans strain R10.10B plasmid 5, complete sequence	Antarctica	soil	env	yes	BioProject:PRJNA295628|BioSample:SAMN04076494	Bacteria|Proteobacteria|Gammaproteobacteria|Moraxellales|Moraxellaceae|Psychrobacter	circular					taxon:45610				genomic DNA	Psychrobacter urativorans	5	R10.10B			1	49020	36	0	0
CM009109.1.gb	CM009109.1	23	Psychrobacter sp. 4Bb plasmid unnamed1, complete sequence, whole genome shotgun sequence	Arctic	marine feces	env	yes	BioProject:PRJNA420923|BioSample:SAMN08125736	Bacteria|Proteobacteria|Gammaproteobacteria|Moraxellales|Moraxellaceae|Psychrobacter	circular		2002			taxon:888436		feces		genomic DNA	Psychrobacter sp. 4Bb	unnamed1	4Bb			1	20934	20	0	0
CM009110.1.gb	CM009110.1	24	Psychrobacter sp. 4Bb plasmid unnamed2, complete sequence, whole genome shotgun sequence	Arctic	marine feces	env	yes	BioProject:PRJNA420923|BioSample:SAMN08125736	Bacteria|Proteobacteria|Gammaproteobacteria|Moraxellales|Moraxellaceae|Psychrobacter	circular		2002			taxon:888436		feces		genomic DNA	Psychrobacter sp. 4Bb	unnamed2	4Bb			1	15219	15	0	0
CM009111.1.gb	CM009111.1	25	Psychrobacter sp. 4Bb plasmid unnamed3, complete sequence, whole genome shotgun sequence	Arctic	marine feces	env	yes	BioProject:PRJNA420923|BioSample:SAMN08125736	Bacteria|Proteobacteria|Gammaproteobacteria|Moraxellales|Moraxellaceae|Psychrobacter	circular		2002			taxon:888436		feces		genomic DNA	Psychrobacter sp. 4Bb	unnamed3	4Bb			1	5133	5	0	0
CM009112.1.gb	CM009112.1	26	Psychrobacter sp. 4Bb plasmid unnamed4, complete sequence, whole genome shotgun sequence	Arctic	marine feces	env	yes	BioProject:PRJNA420923|BioSample:SAMN08125736	Bacteria|Proteobacteria|Gammaproteobacteria|Moraxellales|Moraxellaceae|Psychrobacter	circular		2002			taxon:888436		feces		genomic DNA	Psychrobacter sp. 4Bb	unnamed4	4Bb			1	4685	4	0	0
CM009113.1.gb	CM009113.1	27	Psychrobacter sp. 4Bb plasmid unnamed5, complete sequence, whole genome shotgun sequence	Arctic	marine feces	env	yes	BioProject:PRJNA420923|BioSample:SAMN08125736	Bacteria|Proteobacteria|Gammaproteobacteria|Moraxellales|Moraxellaceae|Psychrobacter	circular		2002			taxon:888436		feces		genomic DNA	Psychrobacter sp. 4Bb	unnamed5	4Bb			1	4227	2	0	0
CM009114.1.gb	CM009114.1	28	Psychrobacter sp. 4Bb plasmid unnamed6, complete sequence, whole genome shotgun sequence	Arctic	marine feces	env	yes	BioProject:PRJNA420923|BioSample:SAMN08125736	Bacteria|Proteobacteria|Gammaproteobacteria|Moraxellales|Moraxellaceae|Psychrobacter	circular		2002			taxon:888436		feces		genomic DNA	Psychrobacter sp. 4Bb	unnamed6	4Bb			1	2151	2	0	0
CM009115.1.gb	CM009115.1	29	Psychrobacter sp. 4Dc plasmid unnamed1, complete sequence, whole genome shotgun sequence	Arctic	marine feces	env	yes	BioProject:PRJNA420923|BioSample:SAMN08125737	Bacteria|Proteobacteria|Gammaproteobacteria|Moraxellales|Moraxellaceae|Psychrobacter	circular		2002			taxon:888437		feces		genomic DNA	Psychrobacter sp. 4Dc	unnamed1	4Dc			1	1839	1	0	0
CM009116.1.gb	CM009116.1	30	Psychrobacter sp. 4Dc plasmid unnamed2, complete sequence, whole genome shotgun sequence	Arctic	marine feces	env	yes	BioProject:PRJNA420923|BioSample:SAMN08125737	Bacteria|Proteobacteria|Gammaproteobacteria|Moraxellales|Moraxellaceae|Psychrobacter	circular		2002			taxon:888437		feces		genomic DNA	Psychrobacter sp. 4Dc	unnamed2	4Dc			1	59859	57	0	0
CM009117.1.gb	CM009117.1	31	Psychrobacter sp. 4Dc plasmid unnamed3, complete sequence, whole genome shotgun sequence	Arctic	marine feces	env	yes	BioProject:PRJNA420923|BioSample:SAMN08125737	Bacteria|Proteobacteria|Gammaproteobacteria|Moraxellales|Moraxellaceae|Psychrobacter	circular		2002			taxon:888437		feces		genomic DNA	Psychrobacter sp. 4Dc	unnamed3	4Dc			1	8891	10	0	0
CP000324.1.gb	CP000324.1	32	Psychrobacter cryohalolentis K5 plasmid 1, complete sequence	Russia	permafrost	env	yes	BioProject:PRJNA13920|BioSample:SAMN02598327	Bacteria|Proteobacteria|Gammaproteobacteria|Moraxellales|Moraxellaceae|Psychrobacter	circular					taxon:335284				genomic DNA	Psychrobacter cryohalolentis K5	1	K5		type strain of Psychrobacter cryohalolentis	1	41221	44	0	0
CP022042.2.gb	CP022042.2	33	Psychrobacter cryohalolentis strain FDAARGOS_308 plasmid unnamed1, complete sequence	Russia	permafrost	env	yes	BioProject:PRJNA231221|BioSample:SAMN06173321	Bacteria|Proteobacteria|Gammaproteobacteria|Moraxellales|Moraxellaceae|Psychrobacter	circular		Jun-2001	Russia: Kolyma, Lowlands, Siberia	ATCC:BAA-1226D-5 ---- FDA:FDAARGOS_308	taxon:330922		permafrost		genomic DNA	Psychrobacter cryohalolentis	unnamed1	FDAARGOS_308			1	41221	47	0	0
JQ245700.1.gb	JQ245700.1	34	Psychrobacter sp. DAB_AL43B plasmid pP43BP1, complete sequence	Norway	bird guano	env	yes	BioSample:SAMN14226195	Bacteria|Proteobacteria|Gammaproteobacteria|Moraxellales|Moraxellaceae|Psychrobacter	circular					taxon:1028416		little auks guano		genomic DNA	Psychrobacter sp. DAB_AL43B	pP43BP1	DAB_AL43B			1	4390	6	0	0
JQ245701.1.gb	JQ245701.1	35	Psychrobacter sp. DAB_AL43B plasmid pP43BP2, complete sequence	Norway	bird guano	env	yes	BioSample:SAMN14226194	Bacteria|Proteobacteria|Gammaproteobacteria|Moraxellales|Moraxellaceae|Psychrobacter	circular					taxon:1028416		little auks guano		genomic DNA	Psychrobacter sp. DAB_AL43B	pP43BP2	DAB_AL43B			1	5445	6	0	0
JQ348845.1.gb	JQ348845.1	36	Psychrobacter sp. DAB_AL43B plasmid pP43BP3, complete sequence	Norway	bird guano	env	yes	BioSample:SAMN14226172	Bacteria|Proteobacteria|Gammaproteobacteria|Moraxellales|Moraxellaceae|Psychrobacter	circular					taxon:1028416	little auk	guano		genomic DNA	Psychrobacter sp. DAB_AL43B	pP43BP3	DAB_AL43B			1	4955	7	0	0
JQ348844.1.gb	JQ348844.1	37	Psychrobacter sp. DAB_AL43B plasmid pP43BP4, complete sequence	Norway	bird guano	env	yes	BioSample:SAMN14226173	Bacteria|Proteobacteria|Gammaproteobacteria|Moraxellales|Moraxellaceae|Psychrobacter	circular					taxon:1028416	little auk	guano		genomic DNA	Psychrobacter sp. DAB_AL43B	pP43BP4	DAB_AL43B			1	6450	9	0	0
CM003595.1.gb	CM003595.1	38	Psychrobacter sp. P11F6 plasmid pPspP11F6a, complete sequence, whole genome shotgun sequence	Norway	marine water	env	yes	BioProject:PRJNA292373|BioSample:SAMN03975699	Bacteria|Proteobacteria|Gammaproteobacteria|Moraxellales|Moraxellaceae|Psychrobacter	circular		May-2009	Norway: Norwegian Sea		taxon:1699621	Botryllus sp.			genomic DNA	Psychrobacter sp. P11F6	pPspP11F6a	P11F6			1	44793	37	0	0
CM003597.1.gb	CM003597.1	39	Psychrobacter sp. P11G3 plasmid pPspP11G3a, complete sequence, whole genome shotgun sequence	Norway	marine water	env	yes	BioProject:PRJNA292375|BioSample:SAMN03975701	Bacteria|Proteobacteria|Gammaproteobacteria|Moraxellales|Moraxellaceae|Psychrobacter	circular		May-2009	Norway: Norwegian Sea		taxon:1699623	Botryllus sp.			genomic DNA	Psychrobacter sp. P11G3	pPspP11G3a	P11G3			1	8535	5	0	0
CM003598.1.gb	CM003598.1	40	Psychrobacter sp. P11G3 plasmid pPspP11G3b, complete sequence, whole genome shotgun sequence	Norway	marine water	env	yes	BioProject:PRJNA292375|BioSample:SAMN03975701	Bacteria|Proteobacteria|Gammaproteobacteria|Moraxellales|Moraxellaceae|Psychrobacter	circular		May-2009	Norway: Norwegian Sea		taxon:1699623	Botryllus sp.			genomic DNA	Psychrobacter sp. P11G3	pPspP11G3b	P11G3			1	6907	5	0	0
CM003599.1.gb	CM003599.1	41	Psychrobacter sp. P11G3 plasmid pPspP11G3c, complete sequence, whole genome shotgun sequence	Norway	marine water	env	yes	BioProject:PRJNA292375|BioSample:SAMN03975701	Bacteria|Proteobacteria|Gammaproteobacteria|Moraxellales|Moraxellaceae|Psychrobacter	circular		May-2009	Norway: Norwegian Sea		taxon:1699623	Botryllus sp.			genomic DNA	Psychrobacter sp. P11G3	pPspP11G3c	P11G3			1	5621	5	0	0
CM003600.1.gb	CM003600.1	42	Psychrobacter sp. P11G3 plasmid pPspP11G3d, complete sequence, whole genome shotgun sequence	Norway	marine water	env	yes	BioProject:PRJNA292375|BioSample:SAMN03975701	Bacteria|Proteobacteria|Gammaproteobacteria|Moraxellales|Moraxellaceae|Psychrobacter	circular		May-2009	Norway: Norwegian Sea		taxon:1699623	Botryllus sp.			genomic DNA	Psychrobacter sp. P11G3	pPspP11G3d	P11G3			1	5562	3	0	0
CP012534.1.gb	CP012534.1	43	Psychrobacter sp. P11G5 plasmid pPspP11G5a, complete sequence	Norway	marine water	env	yes	BioProject:PRJNA292376|BioSample:SAMN03975702	Bacteria|Proteobacteria|Gammaproteobacteria|Moraxellales|Moraxellaceae|Psychrobacter	circular		May-2009	Norway: Norwegian sea		taxon:1699624	Botryllus sp.	ascidian Botryllus sp.		genomic DNA	Psychrobacter sp. P11G5	pPspP11G5a	P11G5			1	40963	31	0	0
CP012535.1.gb	CP012535.1	44	Psychrobacter sp. P11G5 plasmid pPspP11G5b, complete sequence	Norway	marine water	env	yes	BioProject:PRJNA292376|BioSample:SAMN03975702	Bacteria|Proteobacteria|Gammaproteobacteria|Moraxellales|Moraxellaceae|Psychrobacter	circular		May-2009	Norway: Norwegian sea		taxon:1699624	Botryllus sp.	ascidian Botryllus sp.		genomic DNA	Psychrobacter sp. P11G5	pPspP11G5b	P11G5			1	14291	17	0	0
CP012536.1.gb	CP012536.1	45	Psychrobacter sp. P11G5 plasmid pPspP11G5c, complete sequence	Norway	marine water	env	yes	BioProject:PRJNA292376|BioSample:SAMN03975702	Bacteria|Proteobacteria|Gammaproteobacteria|Moraxellales|Moraxellaceae|Psychrobacter	circular		May-2009	Norway: Norwegian sea		taxon:1699624	Botryllus sp.	ascidian Botryllus sp.		genomic DNA	Psychrobacter sp. P11G5	pPspP11G5c	P11G5			1	13597	9	0	0
CP012537.1.gb	CP012537.1	46	Psychrobacter sp. P11G5 plasmid pPspP11G5d, complete sequence	Norway	marine water	env	yes	BioProject:PRJNA292376|BioSample:SAMN03975702	Bacteria|Proteobacteria|Gammaproteobacteria|Moraxellales|Moraxellaceae|Psychrobacter	circular		May-2009	Norway: Norwegian sea		taxon:1699624	Botryllus sp.	ascidian Botryllus sp.		genomic DNA	Psychrobacter sp. P11G5	pPspP11G5d	P11G5			1	9152	8	0	0
CP012538.1.gb	CP012538.1	47	Psychrobacter sp. P11G5 plasmid pPspP11G5e, complete sequence	Norway	marine water	env	yes	BioProject:PRJNA292376|BioSample:SAMN03975702	Bacteria|Proteobacteria|Gammaproteobacteria|Moraxellales|Moraxellaceae|Psychrobacter	circular		May-2009	Norway: Norwegian sea		taxon:1699624	Botryllus sp.	ascidian Botryllus sp.		genomic DNA	Psychrobacter sp. P11G5	pPspP11G5e	P11G5			1	6009	4	0	0
CP012539.1.gb	CP012539.1	48	Psychrobacter sp. P11G5 plasmid pPspP11G5f, complete sequence	Norway	marine water	env	yes	BioProject:PRJNA292376|BioSample:SAMN03975702	Bacteria|Proteobacteria|Gammaproteobacteria|Moraxellales|Moraxellaceae|Psychrobacter	circular		May-2009	Norway: Norwegian sea		taxon:1699624	Botryllus sp.	ascidian Botryllus sp.		genomic DNA	Psychrobacter sp. P11G5	pPspP11G5f	P11G5			1	5826	6	0	0
CP012540.1.gb	CP012540.1	49	Psychrobacter sp. P11G5 plasmid pPspP11G5g, complete sequence	Norway	marine water	env	yes	BioProject:PRJNA292376|BioSample:SAMN03975702	Bacteria|Proteobacteria|Gammaproteobacteria|Moraxellales|Moraxellaceae|Psychrobacter	circular		May-2009	Norway: Norwegian sea		taxon:1699624	Botryllus sp.	ascidian Botryllus sp.		genomic DNA	Psychrobacter sp. P11G5	pPspP11G5g	P11G5			1	5511	6	0	0
CP012530.1.gb	CP012530.1	50	Psychrobacter sp. P2G3 plasmid pPspP2G3a, complete sequence	Norway	marine water	env	yes	BioProject:PRJNA292374|BioSample:SAMN03975700	Bacteria|Proteobacteria|Gammaproteobacteria|Moraxellales|Moraxellaceae|Psychrobacter	circular		May-2009	Norway: Norwegian sea		taxon:1699622	Botryllus sp.	ascidian Botryllus sp.		genomic DNA	Psychrobacter sp. P2G3	pPspP2G3a	P2G3			1	23861	23	0	0
CP012531.1.gb	CP012531.1	51	Psychrobacter sp. P2G3 plasmid pPspP2G3b, complete sequence	Norway	marine water	env	yes	BioProject:PRJNA292374|BioSample:SAMN03975700	Bacteria|Proteobacteria|Gammaproteobacteria|Moraxellales|Moraxellaceae|Psychrobacter	circular		May-2009	Norway: Norwegian sea		taxon:1699622	Botryllus sp.	ascidian Botryllus sp.		genomic DNA	Psychrobacter sp. P2G3	pPspP2G3b	P2G3			1	11297	14	0	0
CP012532.1.gb	CP012532.1	52	Psychrobacter sp. P2G3 plasmid pPspP2G3c, complete sequence	Norway	marine water	env	yes	BioProject:PRJNA292374|BioSample:SAMN03975700	Bacteria|Proteobacteria|Gammaproteobacteria|Moraxellales|Moraxellaceae|Psychrobacter	circular		May-2009	Norway: Norwegian sea		taxon:1699622	Botryllus sp.	ascidian Botryllus sp.		genomic DNA	Psychrobacter sp. P2G3	pPspP2G3c	P2G3			1	9708	10	0	0
CP029790.1.gb	CP029790.1	53	Psychrobacter sp. YP14 plasmid pYP14a, complete sequence	Pacific Ocean	shrimp	env	yes	BioProject:PRJNA472840|BioSample:SAMN09245574	Bacteria|Proteobacteria|Gammaproteobacteria|Moraxellales|Moraxellaceae|Psychrobacter	circular		2017	Pacific Ocean		taxon:2203895		shrimp		genomic DNA	Psychrobacter sp. YP14	pYP14a	YP14			1	13712	17	0	0
CP029791.1.gb	CP029791.1	54	Psychrobacter sp. YP14 plasmid pYP14b, complete sequence	Pacific Ocean	shrimp	env	yes	BioProject:PRJNA472840|BioSample:SAMN09245574	Bacteria|Proteobacteria|Gammaproteobacteria|Moraxellales|Moraxellaceae|Psychrobacter	circular		2017	Pacific Ocean		taxon:2203895		shrimp		genomic DNA	Psychrobacter sp. YP14	pYP14b	YP14			1	19711	17	0	0
CP029792.1.gb	CP029792.1	55	Psychrobacter sp. YP14 plasmid pYP14c, complete sequence	Pacific Ocean	shrimp	env	yes	BioProject:PRJNA472840|BioSample:SAMN09245574	Bacteria|Proteobacteria|Gammaproteobacteria|Moraxellales|Moraxellaceae|Psychrobacter	circular		2017	Pacific Ocean		taxon:2203895		shrimp		genomic DNA	Psychrobacter sp. YP14	pYP14c	YP14			1	36270	35	0	0
CP029793.1.gb	CP029793.1	56	Psychrobacter sp. YP14 plasmid pYP14d, complete sequence	Pacific Ocean	shrimp	env	yes	BioProject:PRJNA472840|BioSample:SAMN09245574	Bacteria|Proteobacteria|Gammaproteobacteria|Moraxellales|Moraxellaceae|Psychrobacter	circular		2017	Pacific Ocean		taxon:2203895		shrimp		genomic DNA	Psychrobacter sp. YP14	pYP14d	YP14			1	8194	7	0	0
CM009118.1.gb	CM009118.1	57	Psychrobacter sp. Choline-02u-13 plasmid unnamed1, complete sequence, whole genome shotgun sequence	USA	marine ice	env	yes	BioProject:PRJNA420923|BioSample:SAMN08125753	Bacteria|Proteobacteria|Gammaproteobacteria|Moraxellales|Moraxellaceae|Psychrobacter	circular		2014	USA: near Point Barrow, Alaska		taxon:2058308		sea ice	71.3 N 157 W	genomic DNA	Psychrobacter sp. Choline-02u-13	unnamed1	Choline-02u-13			1	15174	21	0	0
CM009119.1.gb	CM009119.1	58	Psychrobacter sp. Choline-02u-13 plasmid unnamed2, complete sequence, whole genome shotgun sequence	USA	marine ice	env	yes	BioProject:PRJNA420923|BioSample:SAMN08125753	Bacteria|Proteobacteria|Gammaproteobacteria|Moraxellales|Moraxellaceae|Psychrobacter	circular		2014	USA: near Point Barrow, Alaska		taxon:2058308		sea ice	71.3 N 157 W	genomic DNA	Psychrobacter sp. Choline-02u-13	unnamed2	Choline-02u-13			1	7507	9	0	0
CM009120.1.gb	CM009120.1	59	Psychrobacter sp. Choline-02u-9 plasmid unnamed1, complete sequence, whole genome shotgun sequence	USA	marine ice	env	yes	BioProject:PRJNA420923|BioSample:SAMN08125755	Bacteria|Proteobacteria|Gammaproteobacteria|Moraxellales|Moraxellaceae|Psychrobacter	circular		2014	USA: near Point Barrow, Alaska		taxon:2058310		sea ice	71.3 N 157 W	genomic DNA	Psychrobacter sp. Choline-02u-9	unnamed1	Choline-02u-9			1	15174	21	0	0
CM009121.1.gb	CM009121.1	60	Psychrobacter sp. Choline-02u-9 plasmid unnamed2, complete sequence, whole genome shotgun sequence	USA	marine ice	env	yes	BioProject:PRJNA420923|BioSample:SAMN08125755	Bacteria|Proteobacteria|Gammaproteobacteria|Moraxellales|Moraxellaceae|Psychrobacter	circular		2014	USA: near Point Barrow, Alaska		taxon:2058310		sea ice	71.3 N 157 W	genomic DNA	Psychrobacter sp. Choline-02u-9	unnamed2	Choline-02u-9			1	7507	9	0	0
CM009132.1.gb	CM009132.1	61	Psychrobacter sp. MES7-P7E plasmid unnamed1, complete sequence, whole genome shotgun sequence	USA	marice ice	env	yes	BioProject:PRJNA420923|BioSample:SAMN08125774	Bacteria|Proteobacteria|Gammaproteobacteria|Moraxellales|Moraxellaceae|Psychrobacter	circular		2007	USA: near Point Barrow, Alaska		taxon:2058322		sea ice	71.3 N 157 W	genomic DNA	Psychrobacter sp. MES7-P7E	unnamed1	MES7-P7E			1	14711	17	0	0
PJBU01000018.1.gb	PJBU01000018.1	62	Psychrobacter sp. MES7-P7E plasmid unnamed2 contig67, whole genome shotgun sequence	USA	marice ice	env	yes	BioProject:PRJNA420923|BioSample:SAMN08125774	Bacteria|Proteobacteria|Gammaproteobacteria|Moraxellales|Moraxellaceae|Psychrobacter	linear		2007	USA: near Point Barrow, Alaska		taxon:2058322		sea ice	71.3 N 157 W	genomic DNA	Psychrobacter sp. MES7-P7E	unnamed2	MES7-P7E	contig67		1	6585	10	0	0
PJBU01000022.1.gb	PJBU01000022.1	63	Psychrobacter sp. MES7-P7E plasmid unnamed2 contig71, whole genome shotgun sequence	USA	marice ice	env	yes	BioProject:PRJNA420923|BioSample:SAMN08125774	Bacteria|Proteobacteria|Gammaproteobacteria|Moraxellales|Moraxellaceae|Psychrobacter	linear		2007	USA: near Point Barrow, Alaska		taxon:2058322		sea ice	71.3 N 157 W	genomic DNA	Psychrobacter sp. MES7-P7E	unnamed2	MES7-P7E	contig71		1	5379	6	0	0
CM009133.1.gb	CM009133.1	64	Psychrobacter sp. MES7-P7E plasmid unnamed3, complete sequence, whole genome shotgun sequence	USA	marice ice	env	yes	BioProject:PRJNA420923|BioSample:SAMN08125774	Bacteria|Proteobacteria|Gammaproteobacteria|Moraxellales|Moraxellaceae|Psychrobacter	circular		2007	USA: near Point Barrow, Alaska		taxon:2058322		sea ice	71.3 N 157 W	genomic DNA	Psychrobacter sp. MES7-P7E	unnamed3	MES7-P7E			1	7765	8	0	0
CM009134.1.gb	CM009134.1	65	Psychrobacter sp. MES7-P7E plasmid unnamed4, complete sequence, whole genome shotgun sequence	USA	marice ice	env	yes	BioProject:PRJNA420923|BioSample:SAMN08125774	Bacteria|Proteobacteria|Gammaproteobacteria|Moraxellales|Moraxellaceae|Psychrobacter	circular		2007	USA: near Point Barrow, Alaska		taxon:2058322		sea ice	71.3 N 157 W	genomic DNA	Psychrobacter sp. MES7-P7E	unnamed4	MES7-P7E			1	3868	4	0	0
CM009135.1.gb	CM009135.1	66	Psychrobacter sp. MES7-P7E plasmid unnamed5, complete sequence, whole genome shotgun sequence	USA	marice ice	env	yes	BioProject:PRJNA420923|BioSample:SAMN08125774	Bacteria|Proteobacteria|Gammaproteobacteria|Moraxellales|Moraxellaceae|Psychrobacter	circular		2007	USA: near Point Barrow, Alaska		taxon:2058322		sea ice	71.3 N 157 W	genomic DNA	Psychrobacter sp. MES7-P7E	unnamed5	MES7-P7E			1	2833	2	0	0
CM009136.1.gb	CM009136.1	67	Psychrobacter sp. Sarcosine-02u-2 plasmid unnamed1, complete sequence, whole genome shotgun sequence	USA	marine ice	env	yes	BioProject:PRJNA420923|BioSample:SAMN08125775	Bacteria|Proteobacteria|Gammaproteobacteria|Moraxellales|Moraxellaceae|Psychrobacter	circular		2014	USA: near Point Barrow, Alaska		taxon:2058324		sea ice	71.3 N 157 W	genomic DNA	Psychrobacter sp. Sarcosine-02u-2	unnamed1	Sarcosine-02u-2			1	11462	14	0	0
CM009137.1.gb	CM009137.1	68	Psychrobacter sp. Sarcosine-02u-2 plasmid unnamed2, complete sequence, whole genome shotgun sequence	USA	marine ice	env	yes	BioProject:PRJNA420923|BioSample:SAMN08125775	Bacteria|Proteobacteria|Gammaproteobacteria|Moraxellales|Moraxellaceae|Psychrobacter	circular		2014	USA: near Point Barrow, Alaska		taxon:2058324		sea ice	71.3 N 157 W	genomic DNA	Psychrobacter sp. Sarcosine-02u-2	unnamed2	Sarcosine-02u-2			1	8497	7	0	0
CM009138.1.gb	CM009138.1	69	Psychrobacter sp. Sarcosine-02u-2 plasmid unnamed3, complete sequence, whole genome shotgun sequence	USA	marine ice	env	yes	BioProject:PRJNA420923|BioSample:SAMN08125775	Bacteria|Proteobacteria|Gammaproteobacteria|Moraxellales|Moraxellaceae|Psychrobacter	circular		2014	USA: near Point Barrow, Alaska		taxon:2058324		sea ice	71.3 N 157 W	genomic DNA	Psychrobacter sp. Sarcosine-02u-2	unnamed3	Sarcosine-02u-2			1	7482	9	0	0
CM009139.1.gb	CM009139.1	70	Psychrobacter sp. Sarcosine-02u-2 plasmid unnamed4, complete sequence, whole genome shotgun sequence	USA	marine ice	env	yes	BioProject:PRJNA420923|BioSample:SAMN08125775	Bacteria|Proteobacteria|Gammaproteobacteria|Moraxellales|Moraxellaceae|Psychrobacter	circular		2014	USA: near Point Barrow, Alaska		taxon:2058324		sea ice	71.3 N 157 W	genomic DNA	Psychrobacter sp. Sarcosine-02u-2	unnamed4	Sarcosine-02u-2			1	6971	7	0	0
CM009140.1.gb	CM009140.1	71	Psychrobacter sp. Sarcosine-02u-2 plasmid unnamed5, complete sequence, whole genome shotgun sequence	USA	marine ice	env	yes	BioProject:PRJNA420923|BioSample:SAMN08125775	Bacteria|Proteobacteria|Gammaproteobacteria|Moraxellales|Moraxellaceae|Psychrobacter	circular		2014	USA: near Point Barrow, Alaska		taxon:2058324		sea ice	71.3 N 157 W	genomic DNA	Psychrobacter sp. Sarcosine-02u-2	unnamed5	Sarcosine-02u-2			1	5636	6	0	0
CM009141.1.gb	CM009141.1	72	Psychrobacter sp. Sarcosine-02u-2 plasmid unnamed6, complete sequence, whole genome shotgun sequence	USA	marine ice	env	yes	BioProject:PRJNA420923|BioSample:SAMN08125775	Bacteria|Proteobacteria|Gammaproteobacteria|Moraxellales|Moraxellaceae|Psychrobacter	circular		2014	USA: near Point Barrow, Alaska		taxon:2058324		sea ice	71.3 N 157 W	genomic DNA	Psychrobacter sp. Sarcosine-02u-2	unnamed6	Sarcosine-02u-2			1	1929	1	0	0
NEXR01000020.1.gb	NEXR01000020.1	73	Psychrobacter sp. L7 plasmid unnamed Contig_188, whole genome shotgun sequence	Austria	cheese surface	env		BioProject:PRJNA385501|BioSample:SAMN06891247	Bacteria|Proteobacteria|Gammaproteobacteria|Moraxellales|Moraxellaceae|Psychrobacter	linear		mar-2014	Austria: Vorarlberg		taxon:1982756		surface of Austrian artisanal cheese	47.44 N 9.92 E	genomic DNA	Psychrobacter sp. L7	unnamed	L7	Contig_188		1	12587	18	0	0
NEXR01000016.1.gb	NEXR01000016.1	74	Psychrobacter sp. L7 plasmid unnamed Contig_47, whole genome shotgun sequence	Austria	cheese surface	env		BioProject:PRJNA385501|BioSample:SAMN06891247	Bacteria|Proteobacteria|Gammaproteobacteria|Moraxellales|Moraxellaceae|Psychrobacter	linear		mar-2014	Austria: Vorarlberg		taxon:1982756		surface of Austrian artisanal cheese	47.44 N 9.92 E	genomic DNA	Psychrobacter sp. L7	unnamed	L7	Contig_47		1	4320	4	0	0
NEXR01000017.1.gb	NEXR01000017.1	75	Psychrobacter sp. L7 plasmid unnamed Contig_48, whole genome shotgun sequence	Austria	cheese surface	env		BioProject:PRJNA385501|BioSample:SAMN06891247	Bacteria|Proteobacteria|Gammaproteobacteria|Moraxellales|Moraxellaceae|Psychrobacter	linear		mar-2014	Austria: Vorarlberg		taxon:1982756		surface of Austrian artisanal cheese	47.44 N 9.92 E	genomic DNA	Psychrobacter sp. L7	unnamed	L7	Contig_48		1	3650	2	0	0
NEXR01000018.1.gb	NEXR01000018.1	76	Psychrobacter sp. L7 plasmid unnamed Contig_51, whole genome shotgun sequence	Austria	cheese surface	env		BioProject:PRJNA385501|BioSample:SAMN06891247	Bacteria|Proteobacteria|Gammaproteobacteria|Moraxellales|Moraxellaceae|Psychrobacter	linear		mar-2014	Austria: Vorarlberg		taxon:1982756		surface of Austrian artisanal cheese	47.44 N 9.92 E	genomic DNA	Psychrobacter sp. L7	unnamed	L7	Contig_51		1	3229	4	0	0
JAJQQX010000003.1.gb	JAJQQX010000003.1	77	Psychrobacter sanguinis strain FDAARGOS_1624 plasmid unnamed, whole genome shotgun sequence	Germany				BioProject:PRJNA231221|BioSample:SAMN23242893	Bacteria|Proteobacteria|Gammaproteobacteria|Moraxellales|Moraxellaceae|Psychrobacter	circular			Germany: Braunschweig		taxon:861445				genomic DNA	Psychrobacter sanguinis	unnamed	FDAARGOS_1624	ctg.s2.106_arrow_pilon		1	15383	18	0	0
CP100399.1.gb	CP100399.1	78	Psychrobacter sp. PraFG1 plasmid pPSYFG1, complete sequence	Italy	wolf	path		BioProject:PRJNA814869|BioSample:SAMN26573894	Bacteria|Proteobacteria|Gammaproteobacteria|Moraxellales|Moraxellaceae|Psychrobacter	circular	Donato A. Raele	2018	Italy	CIP:111873T ---- LMG:32233	taxon:2565531	Canis lupus familiaris	Peritoneal exudate		genomic DNA	Psychrobacter sp. PraFG1	pPSYFG1	PraFG1			1	44579	48	0	0
JAJFON010000003.1.gb	JAJFON010000003.1	79	Psychrobacter sanguinis strain FDAARGOS_1568 plasmid unnamed1, whole genome shotgun sequence	USA	human blood	human		BioProject:PRJNA231221|BioSample:SAMN22091665	Bacteria|Proteobacteria|Gammaproteobacteria|Moraxellales|Moraxellaceae|Psychrobacter	circular	DSMZ		Germany: Braunschweig	DSM:23637	taxon:861445		DSMZ Isolate		genomic DNA	Psychrobacter sanguinis	unnamed1	FDAARGOS_1568	ctg.s2.110_arrow_pilon		1	18632	19	0	0
JAJFON010000004.1.gb	JAJFON010000004.1	80	Psychrobacter sanguinis strain FDAARGOS_1568 plasmid unnamed2 NODE_30_length_6583_cov_765.213956, whole genome shotgun sequence	USA	human blood	human		BioProject:PRJNA231221|BioSample:SAMN22091665	Bacteria|Proteobacteria|Gammaproteobacteria|Moraxellales|Moraxellaceae|Psychrobacter	linear	DSMZ		Germany: Braunschweig	DSM:23637	taxon:861445		DSMZ Isolate		genomic DNA	Psychrobacter sanguinis	unnamed2	FDAARGOS_1568	NODE_30_length_6583_cov_765.213956		1	6583	9	0	0
CP085991.1.gb	CP085991.1	81	Psychrobacter sanguinis strain FDAARGOS_1598 plasmid unnamed1, complete sequence	USA	human blood	human		BioProject:PRJNA231221|BioSample:SAMN22365127	Bacteria|Proteobacteria|Gammaproteobacteria|Moraxellales|Moraxellaceae|Psychrobacter	circular			Germany: Braunschweig	DSM:23635	taxon:861445				genomic DNA	Psychrobacter sanguinis	unnamed1	FDAARGOS_1598		type strain of Psychrobacter sanguinis	1	32179	32	0	0
CP085992.1.gb	CP085992.1	82	Psychrobacter sanguinis strain FDAARGOS_1598 plasmid unnamed2, complete sequence	USA	human blood	human		BioProject:PRJNA231221|BioSample:SAMN22365127	Bacteria|Proteobacteria|Gammaproteobacteria|Moraxellales|Moraxellaceae|Psychrobacter	circular			Germany: Braunschweig	DSM:23635	taxon:861445				genomic DNA	Psychrobacter sanguinis	unnamed2	FDAARGOS_1598		type strain of Psychrobacter sanguinis	1	25443	23	0	0
CP085993.1.gb	CP085993.1	83	Psychrobacter sanguinis strain FDAARGOS_1598 plasmid unnamed3, complete sequence	USA	human blood	human		BioProject:PRJNA231221|BioSample:SAMN22365127	Bacteria|Proteobacteria|Gammaproteobacteria|Moraxellales|Moraxellaceae|Psychrobacter	circular			Germany: Braunschweig	DSM:23635	taxon:861445				genomic DNA	Psychrobacter sanguinis	unnamed3	FDAARGOS_1598		type strain of Psychrobacter sanguinis	1	22885	26	0	0